GF.ITS.VL31	GF.ITS.VL32	GF.ITS.VL33	GF.ITS.VL34	GF.ITS.VL35	GF.ITS.VL36	GF.ITS.VL37	GF.ITS.VL38	GF.ITS.VL39	GF.ITS.VL40	GF.ITS.VL41	GF.ITS.VL42	GF.ITS.VL43	GF.ITS.VL44	GF.ITS.VL45	GF.ITS.VL46	GF.ITS.VL47	GF.ITS.VL48	GF.ITS.VL49	GF.ITS.VL50	GF.ITS.VL51	GF.ITS.VL52	GF.ITS.VL53	GF.ITS.VL54	GF.ITS.VL56	GF.ITS.VL57	GF.ITS.VL58	GF.ITS.VL59	GF.ITS.VL60
g__Kondoa	0	0	0	0	0	0	0	0	0	0	0	0	0	0	0	0	0	0	0	0	0	0	0	0	0	0	9.09090909090909e-05	0	0
g__Sarocladium	0	0	0	0	0	0	0	0	0	0	0	0.00254545454545455	0	0	0	0	0	0	0	0	0	0	0	0	0	0	0	0	0
g__Symmetrospora_1	0.00118181818181818	0	0	0	0	0	0	0	0	0	0	0	0	9.09090909090909e-05	0	0	0	0	0	0	0	0	0	0	0	0	0	0	0
o__Capnodiales	0	0.000636363636363636	0.00427272727272727	0.000636363636363636	0.000454545454545455	0	0.00136363636363636	0.000818181818181818	0	0.000545454545454545	0.000454545454545455	0.000272727272727273	0.00427272727272727	0.00518181818181818	9.09090909090909e-05	0.000727272727272727	0	0	0.000363636363636364	0.000636363636363636	0	0	0	0	0.00172727272727273	0	0.000363636363636364	0	0
s__Candida_cretensis	0	0	0	0	0	0	0	0	0	0	0	0	0	0	0	0	0	0	0	0	0	0	0	0	0	0	0.00381818181818182	0.000272727272727273	0
c__Leotiomycetes	0	0	0.00145454545454545	0.00863636363636364	0.000818181818181818	0	0.00136363636363636	0.00127272727272727	0.00145454545454545	0	0	0	0.000636363636363636	0.000181818181818182	0	0	0	0.000727272727272727	0	0	0.000181818181818182	0	0	0	0	0	0	0	0
c__Cystobasidiomycetes	0	0	0	0	0	0	0	0	0	0	0	0	0	0.000181818181818182	0	0	0	0	0	0	0	0	0	0	0	0	0	0	0
o__Hypocreales	0	0	0	0	0	0	0	0	0	0.216090909090909	0.0152727272727273	0	0	0	0	0	0	0	0	0.00163636363636364	0	0	0	0	0	0	0	0	0
s__Alternaria_infectoria	0	0	0	0	0	0.0652727272727273	0	0	0	0	0.00590909090909091	0	0	0	0	0	0.00390909090909091	0.00327272727272727	0	0	0.0364545454545455	0.000272727272727273	0.00109090909090909	0	0	0	0.00254545454545455	0	0.00281818181818182
s__Filobasidium_wieringae	0	0	0	0	0	0	0	0	0	0	0	0.000363636363636364	0	0	0	0	0	0	0	0	0	0	0	0	0	0	0	0	0
g__Neosetophoma	0	0.001	0	0	0	0	0	0	0	0	0	0	0	0	0	0	0	0	0	0	0	0	0	0	0	0	0	0	0
g__Hyphodontia	0	0	0	0	0	0	0	0	0.000181818181818182	0	0	0	0	0	0	0	0	0	0	0	0	0	0	0	0	0	0	0	0
g__Neoerysiphe	0	0	0	0	0	0	0	0	0	0	0	0	0	0	0	0	0	0	0	0	0	0	0	0	0	0	9.09090909090909e-05	0	0
g__Dioszegia	0	0	0	0	0	0	0	0.000363636363636364	0	0	0	0	0	0	0	0	0	0	0	0	0	0	0	0	0	0	0	0	0
o__Xylariales	0	0	0	0	0.000181818181818182	0	0	0	0	0	0	0	0	0	0	0	0	0	0	0	0	0	0	0	0	0	0	0	0
g__Buckleyzyma_1	0	0	0	0	0.000454545454545455	0	0	0	0	0	0	0	0	0	0	0	0	0	0	0	0	0	0	0	0	0	0	0	0
f__Pleosporaceae	0	0.000181818181818182	0	0	0	0	0	0	0	0	0	0	0	0	0	0.000181818181818182	0	0	0	0	0	0	0	0	0	0	0	0	0
f__Phaeosphaeriaceae	0	0	0	0	0	0	0	0	0	0	0	0.000272727272727273	0	0	0	0	0	0	0	0	0	0	0	0	0	0	0	0	0
g__Buckleyzyma_2	0	0	0	0	0	0	0	0	0	0.000272727272727273	0	0	0	0	0	0	0	0	0	0	0.000181818181818182	0	0	0	0	0	0	0	0
s__Candida_cretensis_2	0	0	0	0	0	0	0	0	0	0	0	0	0	0	0	0	0.00209090909090909	0.000272727272727273	0.000181818181818182	0.00181818181818182	0	0	9.09090909090909e-05	0.000272727272727273	0	0	0	0	0
g__Kondoa_1	0	0	0.0213636363636364	0	0	0.00109090909090909	0	0	0	0	0	0	0	0	0	0	0	0	0	0	0	0	0	0	0	0	0	0	0
g__Talaromyces	0	0	0	0	0	0	0	0	0	0	0	0	0.000636363636363636	0	0	0	0	0	0	0	0	0	0	0	0	0	0	0	0
g__Ramularia_1	0	0	0	0	0	0	0	9.09090909090909e-05	0	0	0	0	0	0	0	0	0	0	0	0	0	0	0	0	0	0	0	0	0
f__Rhynchogastremataceae	0.000818181818181818	0	0.000636363636363636	0.003	0.00163636363636364	0	0	0.00181818181818182	0.000272727272727273	0.000181818181818182	0	0.00290909090909091	0.000909090909090909	0	9.09090909090909e-05	0	0.002	0.000909090909090909	0.000454545454545455	0	0	0	0	9.09090909090909e-05	0.00136363636363636	0	0	0	0
g__Papiliotrema_2	0	0	0.00118181818181818	0	0	0	0	0	0	0	0	0	0	0	0	0	0	0	0	0	0	0	0	0	0	0	0	0	0
g__Rhodotorula	0.000454545454545455	0	0	0.000272727272727273	0.000272727272727273	0	0	0	9.09090909090909e-05	0	0.000454545454545455	0	0.000545454545454545	0	0	9.09090909090909e-05	0	0	9.09090909090909e-05	0.000636363636363636	0	0	0	0.000909090909090909	0.00163636363636364	0	0.00109090909090909	0.000272727272727273	0
o__Pleosporales_1	0	0	0	0	0	0	0	0	0	0	0	0	0	0	0	0	0	0	0	0.000727272727272727	0	0	0	0	0	0	0	0	0
g__Acremonium	0	0	0	0	0	0	0	0	0	0.000727272727272727	0	0	0	0	0	0	0	0	0	0	0	0	0	0	0	0	0	0	0
g__Filobasidium	0.0388181818181818	0.00554545454545455	0.0135454545454545	0.0278181818181818	0.0279090909090909	0.0565454545454545	0.00281818181818182	0	0	0	0	0.00445454545454545	0	0.00290909090909091	0.000545454545454545	0.0179090909090909	0.00136363636363636	0	0.000363636363636364	0	0.000545454545454545	0.00281818181818182	0.000272727272727273	0.000909090909090909	0.00181818181818182	0.000272727272727273	0.00645454545454545	0	0.000545454545454545
f__Pleosporaceae_1	0	0	0	0	0	0	0	0	0	0	0	0	0	0	0	0	0	0.000181818181818182	0	0	0	0	0	0	0	0	0	0	0
o__Tremellales	0	0	0	0	0	0	0	0	0	0	0	0	0	0	0	0.00390909090909091	0	0	0	0	0	0	0	0	0	0	0	0	0
g__Naganishia	0.000454545454545455	0	0	0	0	0	0	0	0	0	0	0	0	0	0	0	0	0	0	0	0	0	0	0	0	0	0	0	0
g__Buckleyzyma_3	0	0	0	0	0	0	0	0	0	0	0.00109090909090909	0	0	0	0	0	0	0	0	0	0	0	0	0	0	0	0	0	0
f__Sclerotiniaceae	0	0	0	0.000454545454545455	0	0	0	0	0	0	0	0	0	0	0	0	0.000454545454545455	0	0	0	0	0	0.000181818181818182	0	0	0	0	0	0
g__Stemphylium	0	0	0.000818181818181818	0	0	0	0	0	0	0	0	0	0	0	0	0	0	0	0	0	0	0	0	0	0	0	0	0	0
g__Papiliotrema_3	0	0	0	0	0	0	0	0	0	0	0	0	0	0	0	0	0	0	0	0	0	0	0	0	0	0	0.000727272727272727	0	0
g__Candida	0	0	0.000454545454545455	0	0	0.00481818181818182	0.000181818181818182	0	9.09090909090909e-05	0	0	0	0	0.00163636363636364	0	0	0	0	0	0	0.000272727272727273	0	0.000363636363636364	0	0	9.09090909090909e-05	0.00154545454545455	9.09090909090909e-05	0
k__Fungi_3	0	0	0	0	0	0	0	0	0	0	0	0	0	0	9.09090909090909e-05	0	0	0	0	0	0	0	0	0	0	0	0	0	0
g__Buckleyzyma_4	0.000545454545454545	0	0	0	0	0	0	0	0	0	0	0	0	0	0	0	0	0	0	0	0	0	0	0	0	0	0	0	0
g__Cladosporium	0.132818181818182	0.0595454545454545	0.0385454545454545	0.0259090909090909	0.0187272727272727	0.0380909090909091	0.0249090909090909	0.0471818181818182	0.104181818181818	0.0207272727272727	0.0245454545454545	0.00709090909090909	0.0111818181818182	0.0179090909090909	0.0137272727272727	0.0240909090909091	0.00763636363636364	0.0118181818181818	0.0178181818181818	0.0179090909090909	0.00190909090909091	0.0134545454545455	0.00609090909090909	0.00872727272727273	0.017	0.00109090909090909	0.00490909090909091	0.00236363636363636	0.00545454545454545
f__Amphisphaeriaceae	0	0	0	0	0	0	0	0	0	0	0	0	0	0	0	0	0	0	0	0	0	0	0	0	0.000363636363636364	0	0	0	0
k__unidentified	0	0	0	0	0	0	0	0	0	0	0	0	0	0	0	0	0	0.00145454545454545	0	0	0	0	0	0	0	0	0	0	0
k__Fungi_4	0	0	0	0	0	0	0	0	0	0	0	0	0	0	0	0	0	0	0	0	0	0	0	0	0.000909090909090909	0	0	0	0
o__Erythrobasidiales	0	9.09090909090909e-05	0	0	0	0	0	0	0	0	0	0	0	0	0	0	0	0	0	0	0	0	0	0	0	0	0.000545454545454545	0	0
o__Helotiales_1	0	0	0	0	0	0	0	0	0	0	0	0	0.000363636363636364	0	0	0	0	0	0	0	0	0	0	0	0	0	0	0	0
g__Papiliotrema_4	0	0	0	0.00281818181818182	0	0	0	0	0	0	0	0	0	0	0	0	0	0	0	0	0	0	0	0	0	0	0	0	0
g__Diplodia_1	0	0	0.000818181818181818	0	0	0	0	0	0	0	0	0	0	0	0	0	0	0	0	0	0	0	0	0	0.000545454545454545	0	0	0	0
g__Buckleyzyma_5	0.000272727272727273	0	0	0.000363636363636364	0	0	0	0.000181818181818182	0.002	0	0	0	0	0	0	0	0	0	0	0	0	0	0	0	0	0	0	0	0
g__Diplodia_2	0	0	0	0	0	0	0	0	0	0	0	0	0	0	0	0.000181818181818182	0	0	0.000272727272727273	0	0	0	0	9.09090909090909e-05	0	0	0	0	0
g__Vishniacozyma_1	0	0	0	0	0	0	0	0	0	0	0	0	0	0	0	0	0	0	0	0	0	0	0	0	0	0	0	9.09090909090909e-05	0
g__Debaryomyces	0	0.00154545454545455	0.0406363636363636	0.00572727272727273	0.001	0.00572727272727273	0.01	0.0235454545454545	0.00272727272727273	0.000818181818181818	0	0.00245454545454545	0.00254545454545455	0.0176363636363636	0.00109090909090909	0.00263636363636364	0.00118181818181818	0.00190909090909091	0	0	0.000363636363636364	0.000636363636363636	0.00109090909090909	0	0.00227272727272727	0	0.00327272727272727	0	0.00118181818181818
g__Vishniacozyma_2	0	0	0	0.000636363636363636	0.000636363636363636	0	0	0	0	0	0	0	0	0	0	0	0	0	0.00236363636363636	0	0	0	0	0	0	0	0.000181818181818182	0	0
f__Diatrypaceae	0	0	0	0.000363636363636364	0	0	0	0	0	0	0	0	0	0	0	0	0	0	0	0	0	0	0	0	0	0	0	0	0
f__Malasseziaceae_2	0	0	0	0	0	0	0	0	0	0	0	0	0	0.000272727272727273	0	0	0	0	0	0	0	0	0	0	0	0	0	0	0
g__Akenomyces	0	0	0	0	0	0.00118181818181818	0	0	0	0	0	0	0	0	0	0	0	0	0	0	0	0	0.414454545454545	0.00272727272727273	0	0	0	0	0
g__Cystobasidium	0	0	0	0	0	0	0	0	0	0	0	0	0	0	0	0	0	0	0	0	0	0	9.09090909090909e-05	0	0	0	0	0	0
f__Malasseziaceae_3	0.00190909090909091	0	9.09090909090909e-05	0.000636363636363636	0	0	0.000272727272727273	0	0.000272727272727273	0	0.000545454545454545	0	0.000909090909090909	0	0.000545454545454545	9.09090909090909e-05	0.000363636363636364	0.00109090909090909	0	0.000363636363636364	0	9.09090909090909e-05	9.09090909090909e-05	0	0	9.09090909090909e-05	0.000545454545454545	0	0
o__Pleosporales_4	0	0	0	0	0	0	0	0	0	0	0	0	0	0	0	0	0	0	0	0	0	0	0	0	0.00218181818181818	0	0	0	0
g__Neoerysiphe_1	0	0	0	0	0	0	0	0	0	0	0	0	0	0	0	0	0	0	0	9.09090909090909e-05	0	0	0	0	0	0	0	0	0
f__Herpotrichiellaceae	0	0.000181818181818182	0	0	0	0	0	0	0	0	0	0	0	0	0	0	0	0	0	0	0	0	0	0	0	0	0	0	0
f__Pleosporaceae_2	0	0	0	0.00254545454545455	0	0.000636363636363636	0	0	0	0	0	0	0	0	0	0	0	0	0	0	0.00854545454545455	0	0	0	0	0	0	0	0
g__Acremonium_2	0	0	0	0	0	0	0	0	0	0	0	0	0.000636363636363636	0	0	0	0	0	0	0	0	0	0	0	0	0	0	0	0
g__Alternaria	0	0	0	0	0	0	0	0	0	0	0.000909090909090909	0	0	0	0	0	0	0	0.000636363636363636	0	0.00127272727272727	0	0	0	0	0	0	0	0
o__Pleosporales_7	0	0	0	0	0	0	0	0	0	0	0	0	0	0	0	0	0	0	0.000272727272727273	0	0	0	0	0	0	0	0	0	0
f__Kondoaceae	0	0	0	0	0	0	0	0	0	0	0	0	0	0	0	0	0	0	0	0	0	0	0	0	0	0	9.09090909090909e-05	0	0
g__Pseudomicrostroma_1	0	0	0	0.001	0	9.09090909090909e-05	0	0	0	0	0	0	0	0	0	0	0	0	0	0	0	0	0	0	0	0	0.000181818181818182	0	0
g__Alternaria_1	0	0	0	0	0	0	0	0	0	0	0	0	0	0	0	0	0	9.09090909090909e-05	0	0	0	0	0	0	0	0	0	0	0
g__Buckleyzyma_7	0.0329090909090909	0.0126363636363636	0.023	0.0372727272727273	0.029	0.0137272727272727	0.00145454545454545	0.00763636363636364	0.0203636363636364	0.00118181818181818	0.001	0.00281818181818182	0	0.00172727272727273	0	0.00136363636363636	0.00490909090909091	0.00263636363636364	0.000363636363636364	0.00318181818181818	0.000454545454545455	0.00127272727272727	0.00272727272727273	0.000818181818181818	0	0.000272727272727273	0.0102727272727273	9.09090909090909e-05	0.000181818181818182
p__Ascomycota_2	0	0	0	0.000727272727272727	0	0	0	0	0	0	0	0	0	0	0	0	0	0	0	0	0	0	0	0	0	0	0	0	0
s__Vishniacozyma_dimennae_1	0	0	0	0	0	0	0	0.000454545454545455	0	0	0	0	0	0	0	0	0.000545454545454545	0	0	0	0	0	0	0	0	0	0	0	0
s__Puccinia_coronata_1	0	0	0.000181818181818182	0	0	0	0.000363636363636364	0	0	0	0.000454545454545455	0	0	0	0	0	0	9.09090909090909e-05	0	0	0.000454545454545455	0	0	0	0.000272727272727273	0	0.000545454545454545	0	0
f__Pleosporaceae_4	0	0	0	0	0	0.00209090909090909	0	0	0	0	0	0	0	0	0	0	0	0	0	0	0	0	0	0	0	0	0	0	0
o__Tremellales_1	0.00254545454545455	0	0	0	0	0	0	0	0	0	0	0	0	0	0	0	0	0	0	0	0	0	0	0	0	0	0	0	0
g__Stemphylium_1	0	0.000545454545454545	0	0	0	0.000909090909090909	0	0	0	0	0	0	0	0	0	0	0.000545454545454545	0.000363636363636364	0	0	0	0	0	0	0	0	0	0	0
c__Microbotryomycetes_1	0	0	0	0	0	0	0	0	0	0	0	0	0	0	0	0	0.000181818181818182	9.09090909090909e-05	0	0	0	0	0	0	0	0	0	0	0
g__Sporobolomyces	0	0	0	0	0	0	0	0	0	0	0	0	0	0	0	0	0	0	0	9.09090909090909e-05	0	0	0	0	0	0	0	0	0
f__Phaeosphaeriaceae_2	0.00163636363636364	0.000363636363636364	0	9.09090909090909e-05	0	0	0	0	0	0	0	0	0	0	0	0	0	0	0	0	0	0	0	0	0	0	0	0	0
g__Golovinomyces	0	0	0.000454545454545455	0.00118181818181818	0	0	0	0	0	0	0	0	0	0	0	0	0	0.000545454545454545	0	0	0	0	9.09090909090909e-05	0	0	0	0	0	0
o__Erythrobasidiales_1	0	0	0	0	0	0	0	0	0	0.000454545454545455	0	0	0	0	0	0	0	0	0.000181818181818182	0	0	0	0	0	0	0	0	0	0
g__Buckleyzyma_8	0	0	0	0	0	0	0	0	0	0	0	0	0	0	0.000818181818181818	0	0	0	0	0	0	0	0	0	0	0	0	0	0
o__Pleosporales_8	0	0	0	0	0	0	0	0	0	0	0	0	0	0	0	0	0	0	0	0	0	0	0	0	0	0	0	0.000272727272727273	0
o__Pleosporales_9	0	0	0.000636363636363636	0	0	0	0	0	0	0	0	0	0	0	0	0	0	0	0	0	0	0	0	0	0	0	0	0	0
g__Alternaria_2	0	0	0	0	0	0	0	0	0	0	0	0	0	0	0	0	0	0	0	0	0	0	0	0	0	0.000181818181818182	0	0	0
o__Pleosporales_10	0	0	0	0	0	0	0	0	0	0	0	0	0	0	0	0	0	0	0	0	0	0	0	0	0.00118181818181818	0	0	0	0
p__Ascomycota_3	0	0	0.000727272727272727	0	0	0	0	0	0	0	0	0	0	0	0	0	0	0	0	0	0	0	0	0	0	0	0	0	0
g__Vishniacozyma_3	0.00127272727272727	0	0.00490909090909091	0.00418181818181818	0.00154545454545455	0.001	0	0.00309090909090909	0	0	0	0	0	0	0	0.0280909090909091	0	0	0	0.0590909090909091	0.001	0.00254545454545455	0.00118181818181818	0.00136363636363636	0	0	0.00309090909090909	0	0
g__Phoma	0	0	0	0	0	0	0	0	0	0	0	0	0	0	0	0	0	0	0	0	0	0	0	0	0.330818181818182	0	0.000272727272727273	0	0.000272727272727273
s__Malassezia_globosa_3	0	0	0.001	0.000272727272727273	0	0	0	0	0	0	0	0	0	0	0	0	0	0	0	0	0	0	0	0.000181818181818182	0	0	0	0	0
p__Ascomycota_4	0	0	0	0.000363636363636364	0.000272727272727273	0	0	0	0	0	0	0	0.000272727272727273	0	0	0	0	0	0	0	0	0	0	0	0	0	0	0	0
s__Vishniacozyma_dimennae_2	0	0	0	0	0.000545454545454545	0	0	0	0	0	0	0.000363636363636364	0	0	0	0	0	0.000636363636363636	0	0	0	0	0	0	0	0	0	0	0
g__Kondoa_3	0	0	0	0	0.000909090909090909	0	0	0.000545454545454545	0	0	0	0.000636363636363636	0	0	0	0	0	0	0	0	0	0	0	0	0	0	0.00272727272727273	0	0
g__Buckleyzyma_9	0	0	0	0	0	0	0	0	0	0	0	0	0	0	0	0	0	0	0	0	0	0	0	0.000545454545454545	0	0	0	0	0
f__Pleosporaceae_6	0	0	0	0	0	0	0	0	0	0	0	0	0	0	0	0	0	0	0.003	0.000818181818181818	0	0	0	0	0	0	0	0	0
k__Fungi_7	0	0	0	9.09090909090909e-05	0	0	0	0	0	0	0	0	0	0	0	0	0	0	0	0	0	0	0	0	0	0	0	0	0
s__Phaemoniella_chlamydospora	0	0	0	0	0	0	0	0	0.00645454545454545	0	0.00154545454545455	0	0	0	0	0	0	0	0	0	0	0	0	0	0	0	0	0	0
c__Cystobasidiomycetes_1	0	0	0	0	9.09090909090909e-05	0	0	0	0	0	0	0	0	0	0	0	0	0	0	0	0	0	0	0	0	0	0	0	0
s__Vishniacozyma_dimennae_3	0	0	0	0	0	0	0	0	0.000181818181818182	0	0	0	0	0	0	0	0	0	0	0	0	0	0	0	0	0	0	0	0
f__Nectriaceae	0	0	0	0	0	0	0	0	0	0	0	0	0	0	0	0	0.000727272727272727	0	0	0	0	0	0	0	0	0	0	0	0
g__Papiliotrema_7	0	0	0	0	0	0	0	0	0	0	0	0	0	0	0	0	0	0.000181818181818182	0	0	0	0	0	0	0	0	0	0	0
f__Didymellaceae_1	0	0.000454545454545455	0	0	0	0	0	0	0	0	0	0	0	0	0	0	0	0	0	0	0	0	0	0	0	0	0	0	0
g__Neosetophoma_2	0	0	0	0	0	0	0	0	0	0	0	0	0	0	0	0	0	0	0	0	0	0	0	0	0	0	0.000636363636363636	0	0
g__Neocucurbitaria	0	0	0	0	0	0	0	0	0	0	0	0	0	0.000181818181818182	0	0	0	0	0	0	0	0.000454545454545455	0	0	0	0	0	0	0
g__Podosphaera	0	0	0	0	0	0	0	0	0	0.000272727272727273	0	0	0	0	0	0	0	0	0	0	0	0	0	0	0	0	0	0	0
g__Erysiphe	0	0	0	0	0	0	0	0	0	0	0	9.09090909090909e-05	0	0	0	0	0	0	0	0	0	0	0	0	0	0	0	0	0
o__Hypocreales_1	0	0	0	0	0	0	0	0	0	0	0	0	0	0	0.000454545454545455	0	0	0	0	0	0	0	0	0	0	0	0	0	0
g__Tricharina	0	0	0	0	0	0	0	0	0	0	0	0	0	0	0	0	0	0	0.00109090909090909	0	0	0	0	0	0	0	0	0	0
c__Sordariomycetes_1	0	0	0	0	0	0	0.002	0.000909090909090909	0	0	0	0	0	0	0	0	0	0	0	0	0	0	0	0	0	0	0	0	0
f__Pleosporaceae_7	0	0	0	0	0	0	0	0	0	0	0	0	0	0	0	0	0	0	0.00590909090909091	0	0	0	0	0	0	0	0	0	0
g__Acremonium_5	0	0	0	0.00118181818181818	0	0	0	0	0	0	0	0	0	0	0	0	0	0	0	0	0	0	0.000272727272727273	0	0	0	0	0	0
o__Cystobasidiomycetes_ord_Incertae_sedis	0	0	0	0.00136363636363636	0	0	0	0.000727272727272727	0.00109090909090909	0	0	0	0	0	0	0	0	0	0	0	0	0	0	0.000363636363636364	0	0	0	0	0
s__Malassezia_globosa_5	0	0	0	0	0	0.000363636363636364	0	0	9.09090909090909e-05	0	0	0	0	0	0	0	0	0	0	0.000272727272727273	0	0	0	0	9.09090909090909e-05	0	0	0	0
p__Ascomycota_6	0.00172727272727273	0	0	0	0	0.00145454545454545	0	0	0	0	0	0	0.00118181818181818	0	0	0	0.00109090909090909	0.00118181818181818	0	0.00109090909090909	0	0	0	0	0	0	0	0	0
g__Mycena	0	0	0.000727272727272727	0	0	0	0	0	0	0	0	0	0	0	0	0	0	0	0	0	0	0	0	0	0	0	0	0	0
g__Sporobolomyces_1	0	0	0	0	0	0	0	0	0	0	0	0	0	0	0	0	0	0	0	0	0	0.000181818181818182	0	0	0	0	0	0	0
g__Wallemia	0	0	0	0	0	0	0	0.000181818181818182	0	0	0	0	0	0	0	0	0	0	0	0	0	0	0	0	0	0	0	0	0
c__Agaricomycetes	0	0	0	0	0	0	0	0	0	0	0	0	0	0	0	0	0	0	0	0	0	0	0.0123636363636364	0	0	0	0	0	0
o__Pleosporales_13	0	0	0	0.00145454545454545	0.000727272727272727	0	0	9.09090909090909e-05	0.000545454545454545	0.000909090909090909	0.000454545454545455	0	0.000272727272727273	0.000363636363636364	0	0	0.000181818181818182	9.09090909090909e-05	0	0	0	0	0	0	0	0	0	0	0
k__Fungi_9	0	0	0	0	0	0	0	0	0	0	0	0	0	0	0	0	9.09090909090909e-05	0	0	0	0	0	0	0	0	0	0	0	0
o__Hypocreales_2	0	0	0	0	0	0	0	0	0	0	0	0	0	0	0	0	0	0	0	0	0	0.00163636363636364	0	0.00154545454545455	0	0	0	0	0
o__Pleosporales_14	0	0	0	0	0	0	0	0	0.00163636363636364	0	0	0	0	0	0	0	0	0	0	0	0	0	0	0	0	0	0	0	0
g__Cladosporium_1	0.013	0.0114545454545455	0.0138181818181818	0.0113636363636364	0	0.0119090909090909	0.0196363636363636	0.0110909090909091	0.007	0	0	0	0	0	0.00636363636363636	0.0177272727272727	0.0100909090909091	0.00445454545454545	0.0227272727272727	0	0.012	0.0151818181818182	0	0.0128181818181818	0	0	0.00481818181818182	0	0
o__Tremellales_4	0	0	0	0	0	0.000727272727272727	0	0	0	0	0	0	0	0	0	0	0	0	0	0	0	0	0	0	0	0	0	0	0
p__Ascomycota_8	0	0	0	0	0	0	0	0	0	0	0	0	0	0	0	0	0	0	0	0	0.000181818181818182	0	0	0	0	0	0	0	0
s__Merismodes_granulosa_2	0	0	0	0	0	0.001	0	0	0	0	0	0	0	0	0	0	0	0	0	0	0	0	0	0	0	0	0	0	0
p__Ascomycota_9	0	0	0.000727272727272727	0	0	0.00236363636363636	0	0	0	0	0	0.00109090909090909	0	0	0	0	0	0.000363636363636364	0	0	0.000727272727272727	0	0	0.000636363636363636	0	0	0	0	0
g__Papiliotrema_8	0	0	0	0	0	0	0	0	0	0	0	0	0	0	0	0	0	0	0.00136363636363636	0	0	0	0	0	0	0	0	0	0
o__Xylariales_3	0	0	0	0	0	0	0	0	0	0	0	0	0	0	0	0	0	0	0	0	0	0	0	0	0	0	0	0	0.000545454545454545
f__Kondoaceae_1	0	0	0.00209090909090909	0	0	0.000363636363636364	0.000272727272727273	0	0	0	0	0	0	0	0	0	0	0	0	0	0	9.09090909090909e-05	0.000363636363636364	0	0	0	0	0	0
o__Hypocreales_3	0	0.000727272727272727	0	0.0201818181818182	0.000636363636363636	0.00563636363636364	0.0108181818181818	0.0147272727272727	0.00481818181818182	0	0	0.454272727272727	0	0	0	0.00145454545454545	0	0.000363636363636364	0.000181818181818182	0	0	0.326545454545455	0.0271818181818182	0.294818181818182	0.00136363636363636	0	0	0	0
g__Kondoa_4	0	0	0	0.00554545454545455	0	0	0	0	0	0	0	0	0	0	0	0	0	0	0	0	0	0	0	0	0	0	0	0	0
s__Candida_cretensis_7	0	0.000545454545454545	0	0.00281818181818182	0.000545454545454545	0.00127272727272727	0.00290909090909091	0.00809090909090909	0	0	0	0	0	0	0	0	0	0	0	0	0	0	0	0	0	0	0	0	0
g__Abrothallus	0	0	0.000272727272727273	0	0	0	0	0	0	0	0	0	0	0	0	0	0	0	0	0	0	0	0	0	0	0	0	0	0
p__Ascomycota_11	0.00427272727272727	0	0	0	0	0	0	0	0	0	0	0	0	0	0	0	0	0	0	0	0	0	0	0	0	0	0	0	0
c__Cystobasidiomycetes_2	0	0	0	0	0	0	0	0	0	0	0	0	0	0	0.000363636363636364	0	0	0	0	0	0	0	0	0	0	0	0	0	0
g__Leptospora	0	0	0	0	0	0	0	0	0	0	0	0	0	0	0	0	0	0	0	0	0	0	0	0	0	0	0	9.09090909090909e-05	0
o__Pleosporales_17	0	0	0	0	0	0	0	0	0	0	0	0	0	0	0	0	0	0	0	0	0	0	0	0	0	0	0	0	9.09090909090909e-05
g__Dioszegia_1	0	0	0	0	0.000727272727272727	0	0	0	0	0	0	0	0	0	0	0	0	0	0	0	0	0	0	0	0	0	0	0	0
s__Merismodes_granulosa_3	0	0	0	0	0	0	0	0	0.00581818181818182	0	0	0	0	0	0	0	0	0	0	0	0	0	0	0	0	0	0	0	0
g__Alternaria_9	0	0	0	0	0	0	0	0	0	0	0	0	0	0	0	0	0	0	0	0	0	0	0	0	0	0	0	0.008	0.0103636363636364
f__Filobasidiaceae	0	0	0	0	0	0	0	0.00418181818181818	0.00227272727272727	0.00527272727272727	0	0	0.00209090909090909	0	0	0	0	0.00363636363636364	0	0.00390909090909091	0	0	0	0	0	0	0	0	0
o__Capnodiales_3	0	0.000181818181818182	0	0.001	0.000363636363636364	0	0	0.000181818181818182	0	0	0	9.09090909090909e-05	0	0.000181818181818182	0	0	0	0	0	0	0	9.09090909090909e-05	0.000272727272727273	0	0	0	0	0	0
g__Dioszegia_2	0	0	0	0	0	0	0	0	0	0	0	0	0	0	0	0	0	9.09090909090909e-05	0	0	0	0	0	0	0	0	0	0	0
c__Dothideomycetes_5	0.00454545454545455	0	0	0.000181818181818182	0.000636363636363636	0	0	0	0	0.000363636363636364	0.00609090909090909	0	0	0	0.00245454545454545	0	0	0.000272727272727273	0.003	0	0	0	0	0	0	0.00127272727272727	0	0	0
c__Cystobasidiomycetes_3	0	0	0	0.001	0	0	0	0	0	0	0	0	0	0	0	0	0	0	0	0	0	0	0	0	0	0	0	0	0
g__Debaryomyces_1	0.00590909090909091	0.0193636363636364	0.0318181818181818	0.150181818181818	0.05	0.0690909090909091	0.0551818181818182	0.0930909090909091	0.0109090909090909	0.00436363636363636	0.0175454545454545	0.012	0.0236363636363636	0.0909090909090909	0.00863636363636364	0.00963636363636364	0.0235454545454545	0.0431818181818182	0.00154545454545455	0.00290909090909091	0.000727272727272727	0.00790909090909091	0.0323636363636364	0.0143636363636364	0.0150909090909091	0.00254545454545455	0.022	0.00245454545454545	0.00190909090909091
s__Candida_cretensis_10	0	0	0	0	0	0	0.000636363636363636	0.00163636363636364	0	0	0	0	0	0	0	0	0	0	0	0	0	0	0	0	0	0	0	0	0
g__Kwoniella_1	0	0	0	0	0	0	0	0	0	0	0	0	0	0	0	0	0	0	0	0	0	0	9.09090909090909e-05	0	0	0	0	0	0
f__Ustilaginaceae	0	0	0.000363636363636364	0	0	0	0	0	0	0	0	0	0	0	0	0	0	0	0	0	0	0	0	0	0	0	0	0	0
g__Periconia	0	0	0	0	0	0	0	0	0	0	0	0	0	0	0	0	0	0.000272727272727273	0	0	0	0	0	0	0	0	0	0	0
g__Cytospora	0	0	0	0	0	0	0	0	0	0	0	0	0	0	0	0	0	0.00681818181818182	0	0	0	0	0.0867272727272727	0.000636363636363636	0	0	0	0	0
c__Cystobasidiomycetes_4	0	0	0	0	0	0	0	0	0	0	0	0	0	0	0	0	9.09090909090909e-05	0	0	0	0	0	0	0	0	0	0	0	0
o__Pleosporales_19	0	0	0	0	0	0	0	0	0	0	0	0	0	0	0.000727272727272727	0	0	0	0	0	0	0	0	0	0	0	0	0	0
p__Ascomycota_14	0.00890909090909091	0	0.000363636363636364	0.000727272727272727	0	0	0	0	0	0	0	0	0	0.000181818181818182	0	0	0	0	0	0	0	0	0	0	0	0	0	0	0
g__Hormonema	9.09090909090909e-05	0	0	0	0	0	0	0	0	0	0	0	0	0	0	0	0	0	0	0	0	0	0	0	0	0	0	0	0
g__Stemphylium_2	0	0	0	0	0.289363636363636	0.0115454545454545	0	0	0	0	0	0	0	0	0.0202727272727273	0.00227272727272727	0	0	0	0.00509090909090909	0	0	0	0	0	0	0	0	0
g__Leptospora_1	0	0.000727272727272727	0	0	0	0	0	0	0	0	0	0	0	0	0	0	0	0	0	0	0	0	0	0	0	0	0	0	0
o__Pleosporales_21	9.09090909090909e-05	0	0	0	0	0	0	0	0	0	0	0	0	0	0	0	0	0	0	0	0	0	0	0	0	0	0	0	0
g__Verticillium	0	0	0	0	0	0	0	0	0	0	0	0	0	0.000181818181818182	0	0	0	0	0	0	0	0	0	0	0	0	0	0	0
g__Sporobolomyces_6	0	0	0	0	0	0	0	0	0	0	0	0	0	0	0	0	0	0	0	0	0	0	0	0	0	0	0	0.000181818181818182	0
f__Pleosporaceae_10	0	0	0	0	0	0	0	0	0	0	0	0	0	0	0	0	0	0	0	0	0.00127272727272727	0	0	0	0	0	0	0	0
g__Ramularia_3	0	0	0	0	0	0	0	0	0	0	0	0	0	0	0	0	0	0	0	0	0	0	0	0	0	0	0.00136363636363636	0	0
g__Cystofilobasidium_4	0	0	0	0	0	0	0	0	0	0	0	0	0	0	0	0	0	0	0	0	0	0	0	0	0	0	0.000818181818181818	0	0
g__Buckleyzyma_11	0.00136363636363636	0	0	0	0	0	0	0	0	0	0	0	0	0	0	0	0	0	0	0	0	0	0	0	0	0	0	0	0
g__Ramularia_4	0	0	0	0	0	0	0	0	0	0	0	0	0	0.000363636363636364	0	0	0	0	0	0	0	0	0	0	0	0	0	0	0
g__Limonomyces	0.000454545454545455	0	0	0	0	0	0	0	0	0	0	0	0	0	0	0	0	0	0	0	0	0	0	0	0	0	0	0	0
s__Alternaria_infectoria_1	0	0	0	0	0	0	0	0	0	0	0	0	0	0	0	0	0	0	0	0	0	0	0.197818181818182	0.00281818181818182	0	0	0	0	0
s__Merismodes_granulosa_5	0	0.000181818181818182	9.09090909090909e-05	0.00381818181818182	0.00154545454545455	0.00245454545454545	0	0.000363636363636364	0.182818181818182	0.0299090909090909	0.00827272727272727	0.0183636363636364	0.000727272727272727	0.000272727272727273	0.00290909090909091	0.000272727272727273	0	0.000454545454545455	0.00127272727272727	0	0	0.00981818181818182	0.000545454545454545	0	0.000363636363636364	0.000818181818181818	0	0	0
o__Capnodiales_5	0	0	0	0	0	0	0	0	0	0	0	0	0	0	0	0.000181818181818182	0	0	0	0	0	0	0	0	0	0	0	0	0
g__Buckleyzyma_12	0	0	0	0	0	0	0	0	0	0	0	0	0	0	0	0	0	0.000272727272727273	0	0	0	0	0	0	0	0	0	0	0
s__Cryptococcus_uniguttulatus	0	0	0	0	0	0.00172727272727273	0	0	0	0	0	0	0	0	0	0	0	0	0	0	0	0	0	0	0	0	0	0	0
o__Pleosporales_22	0	0	0	0.00172727272727273	0.000363636363636364	0	0	0	0	0	0	0	0	0.000727272727272727	0	0	0	0	0	0	0	0	0.000272727272727273	0	0	0	0	0	0
g__Cryptococcus	0	0	0	0	0	0	0	0	0	0	0	0	0	0	0	0	9.09090909090909e-05	0	0	0	0	0	0	0	0	0	0.00109090909090909	0	0
o__Pleosporales_23	0	0	0	0	0	0	0	0	0	0	0	0	0	0	0	0	0	0	0	0	0	0	0	0	0.00690909090909091	0	0.000181818181818182	0	0
f__Sporocadaceae	0	0	0	0.00318181818181818	0	0	0	0	0	0	0	0	0	0	0	0	0	0	0	0	0	0	0	0	0	0	0	0	0
g__Stemphylium_3	0	0	0	0	0.011	0.00245454545454545	0	0	0	0.00836363636363636	0	0	0	0.0128181818181818	0.0176363636363636	0	0.00509090909090909	0.00227272727272727	0	0	0	0	0	0	0	0	0.0167272727272727	0	0
o__Dothideales_1	0	0	0	0	0	0	0	0	0	0	0	0	0	0	0	0	0	0	0	0	0	0	0	0	0	0	0.000818181818181818	0	0
f__Lentitheciaceae_1	0.000636363636363636	0	0	0.000727272727272727	0	0	0	0	0	0.00109090909090909	0	0	0.00263636363636364	0	0	0	0	0	0	0	0	0	0	0	0	0	0	0	0
g__Alternaria_13	0	0	0.000545454545454545	0	0	0	0	0	0	0	0	0	0	0	0	0	0	0	0	0	0	0	0	0	0	0	0	0	0
p__Ascomycota_15	0.000545454545454545	0	0	0	0	0	0	0	0	0	0	0	0	0	0	0	0	0	0	0	0	0	0	0	0	0	0	0	0
o__Dothideales_2	0	0	0	0	0	0	0	0.000272727272727273	0	0	0	0	0	0.000363636363636364	0	0	0	0	0	0	0	0	0	0.000636363636363636	0	0	0	0	0
f__Sclerotiniaceae_3	0.000363636363636364	9.09090909090909e-05	0	0	0	0	0	0	0.000272727272727273	0	0	0	0	0	0	0	0	0	0.000636363636363636	0.000181818181818182	0	0	0	0	0	0	0	0	0
g__Cystofilobasidium_6	0	0	0	0.00245454545454545	0	0	0	0	0	0	0	0	0	0	0	0	0	0	0	0	0	0	0	0	0	0	0	0	0
c__Cystobasidiomycetes_5	0	0	0	0	0	0	0	0	0	0	0	0	0	0	0	0	0	0	0.000181818181818182	0	0	0	0	0	0	0	0	0	0
o__Tremellales_5	0.002	0	0	0	0	0.00163636363636364	0.00227272727272727	0.00690909090909091	0	0	0.000181818181818182	0	0.000818181818181818	0.00381818181818182	0	0	0	0	0	0	0	0	0	0	0.00336363636363636	0.000272727272727273	0.00527272727272727	0.000636363636363636	0.000363636363636364
g__Paraphaeosphaeria	0	0	0	0	0	0	0	0	0	0	0	0	0	0	0	0	0	0.00118181818181818	0	0	0	0	0	0	0	0	0	0	0
g__Buckleyzyma_13	0	0	0	0	0	0.000363636363636364	0	0	0	0	0	0	0	0	0	0	0	0	0	0	0	0	0	0	0	0	0	0	0
g__Filobasidium_2	0.00427272727272727	0	0.00809090909090909	0.00536363636363636	0	0	0.000545454545454545	0.00463636363636364	0.00318181818181818	0	0	0.000454545454545455	0.000454545454545455	0	0.000272727272727273	0.000272727272727273	0	0	0	0	0.000363636363636364	0.000181818181818182	0.000181818181818182	0	0	0	0	0.000818181818181818	0
g__Sporobolomyces_8	0	0	0.00181818181818182	0	0	0	0	0	0	0	0	0	0	0	0	0	0	0	0	0	0	0	0	0	0	0	0	0	0
f__Erythrobasidiaceae	0	0	0	0.000545454545454545	0	0	0	0	0	0	0	0	0	0	0	0	0	0	0	0	0	0	0	0	0	0	0	0	0
c__Cystobasidiomycetes_6	0	0	0	0	0	0	0	0	0.000363636363636364	0	0	0	0	0	0	0	0	0	0	0	0	0	0	0	0	0	0	0	0
g__Cystobasidium_3	0	0	0	0.00509090909090909	0.00154545454545455	0	0.000818181818181818	0	0.000727272727272727	9.09090909090909e-05	0	0.00345454545454545	0	0	0	0	0.00145454545454545	0	0	0	0	0.000545454545454545	0	0	0	0	0.005	0	0
g__Kondoa_6	0	0	0	0	0	0	0	0.000272727272727273	0	0	0	0	0	0	0	0	0	0	0	0	0	0	0	0	0	0	0	0	0
g__Sporobolomyces_9	0.000636363636363636	0	0	0	0	0	0	0	0	0	0	0	0	0	0	0	0	0	0	0	0	0	0	0	0	0	0	0	0
f__Pleosporaceae_11	0	0	0.000363636363636364	0	0	0	0	0	0	0	0	0	0	0	0	0	0	0	0	0	0	0	9.09090909090909e-05	0	0	0	0	0	0
g__Diplodia_3	0	0	0	0	0	0.000363636363636364	0.000272727272727273	9.09090909090909e-05	0.000545454545454545	0	0	0	0	0.002	0.000636363636363636	0	0	0	0	0	0	0	0	0	0	0	0.000363636363636364	0	0
g__Vishniacozyma_6	0	0	0	0	0.000363636363636364	0	0	0	0	0	0	0	0	0	0	0	0	0	0	0	0	0	0	0	0	0	0.00154545454545455	0	0
s__Aureobasidium_pullulans	0	0	0	0	0	0.00263636363636364	0	0	0	0	0	0	0.0226363636363636	0.00345454545454545	0	0	0	0.00727272727272727	0	0.0203636363636364	0	0	0	0	0.01	0	0	0	0
g__Debaryomyces_2	0	0	0	0.00490909090909091	0	0	0	0.00236363636363636	0	0	0	0	0	0	0	0	0	0	0	0	0	0	0	0	0	0	0	0	0
o__Tremellales_6	0	0	0	0	0	0	0	0	0	0	0	0	0	0	9.09090909090909e-05	0	0	0	0	0	0	0	0	0	0	0	0	0	0
g__Epicoccum	0.0168181818181818	0.00118181818181818	0.00336363636363636	0.0150909090909091	0.000181818181818182	0.000545454545454545	0.00745454545454545	0.00618181818181818	0.303818181818182	0.0953636363636364	0.0160909090909091	0.00327272727272727	0.00245454545454545	0.000636363636363636	0.00227272727272727	0.00136363636363636	0.00254545454545455	0.00472727272727273	0.000727272727272727	0.001	0.00218181818181818	0.00163636363636364	0.000272727272727273	0.00290909090909091	0.00418181818181818	0	0.00181818181818182	0.00109090909090909	0.000454545454545455
g__Kondoa_7	0	0	0	0	0	0	0	0	0	0.000818181818181818	0	0	0	0	0	0	0	0	0	0	0	0	0	0	0	0	0	0	0
s__Puccinia_coronata_3	0	0.000272727272727273	0	0	0	0	0	0	0	0	0	0	0	0	0	0	0	0	0	0	0	0	0	0	0	0	0	0	0
g__Stemphylium_4	0.02	0.0579090909090909	0.0519090909090909	0.0121818181818182	0.365090909090909	0.0644545454545455	0.005	0.0134545454545455	0.00390909090909091	0.205909090909091	0.0417272727272727	0.021	0.0113636363636364	0.426545454545455	0.552363636363636	0.0273636363636364	0.245454545454545	0.0709090909090909	0.00190909090909091	0	0.00372727272727273	0.00754545454545455	0.00590909090909091	0.00181818181818182	0.0100909090909091	0.002	0.541545454545455	0.00127272727272727	0.00318181818181818
s__Candida_cretensis_18	0	0	0	0	0	0	0	0	0	0	0	0	0	0	0	0	0	0	0	0	0	0	0	0	0.00581818181818182	0.000818181818181818	0.00481818181818182	0	0.000545454545454545
g__Cryptococcus_1	0	0	0	0	0	0	0	0	0	0	0	0	0	0	0.000363636363636364	0	0	0	0	0	0	0	0	0	0	0	0	0	0
k__unidentified_4	0	0	0	0	0	0	0	0	0	0	0	0	0	0.000181818181818182	0	0	0	0	0	0	0	0	0	0	0	0	0	0	0
g__Septoria	0	0	0	0	0	0.00190909090909091	0	0	0	0	0	0	0	0	0	0	0	0	0	0	0	0	0	0	0	0	0	0	0
o__Erythrobasidiales_4	0	0	0.00163636363636364	0.00109090909090909	0	0.000272727272727273	0	0	0	0	0	0	0.000363636363636364	0	0	0	0.000363636363636364	0	0	0	0	0	0	0	0	0	0	0	0
o__Pleosporales_25	0	0	0.0233636363636364	0	0	0	0	0	0	0	0	0.002	0	0	0	0	0	0	0	0	0	0	0	0	0	0	0	0.000636363636363636	0
o__Hypocreales_5	0	0	0	0	0	0	9.09090909090909e-05	0	0	0	0	0	0	0	0	0	0	0	0	0	0	0	0	0	0	0	0	0	0
g__Buckleyzyma_15	0	0	0	0.00154545454545455	0	0	0	0	0.000454545454545455	0.000545454545454545	0	0	0	0	0	0	0	0	0	0	0	0	0	0	0	0	0	0	0
g__Cytospora_1	0	0	0.000181818181818182	0.000454545454545455	0	0.0136363636363636	0	0	0	0	0	0	0	0	0	0	0	0	0	0	9.09090909090909e-05	0.000181818181818182	0	0	0	0	0	0	0
c__Cystobasidiomycetes_7	0.00109090909090909	0	0	0	0	0.00409090909090909	0	0	0.000545454545454545	0	0	0	0	0	0	0	0	0	0	0	0	0	0	0	0	0	0	0	0
g__Debaryomyces_3	0	0	0	0	0	0	0.000454545454545455	0	0	0	0	0	0	0	0	0	0	0	0	0	0	0	0	0	0	0	0	0	0
g__Malassezia_3	0.00427272727272727	0.00136363636363636	0.00190909090909091	0.000818181818181818	0.00136363636363636	0.00518181818181818	0.00118181818181818	0.000818181818181818	0.000454545454545455	0.000636363636363636	0.000636363636363636	0.00181818181818182	0.00118181818181818	0.000636363636363636	0.000363636363636364	0.000272727272727273	0.000545454545454545	0.000363636363636364	0.000818181818181818	0.005	0.000909090909090909	0	9.09090909090909e-05	0.000727272727272727	0.00245454545454545	0	0.00127272727272727	9.09090909090909e-05	9.09090909090909e-05
g__Alternaria_19	0	0	0	0	0	0	0	0	0.0458181818181818	0	0	0	0	0	0	0	0	0	0	0	0	0	0	0	0	0	0	0	0
c__Cystobasidiomycetes_8	0	0.000636363636363636	0	0	0	0.000272727272727273	0	0	0	0	0	0	0	0	0	0	0	9.09090909090909e-05	0	0.000272727272727273	0	0	0	0	0	0	0.00209090909090909	0	0
g__Neofusicoccum_2	0	0	0	0.000181818181818182	0	0	0	0	0	0	0	0	0	0	0	0	0	0	0	0	0	0	0	0	0	0	0	0	0
g__Kondoa_8	0	0.002	0	0.000909090909090909	0	0.00436363636363636	0	0	0.000545454545454545	0	0	0	0	0	0	0	0	0	0	0	0	0	0	0	0	0	0	0	0
o__Capnodiales_7	0	0	0	0	0	0	0.000181818181818182	0	0	0	0	0	0	0	0	0	0	0	0	0	0	0	0	0	0	0	0	0	0
g__Lachancea	0.004	0	0	0	0	0	0	0	0	0	0	0	0	0	0	0	0	0	0	0	0	0	0	0	0	0	0	0	0
g__Pestalotiopsis	0	0	0.000727272727272727	0.000545454545454545	0	0	0	0	0	0	0	0	0	0	0	0	0	0	0.000636363636363636	0	0.00663636363636364	0	0	0	0	0	0	0	0
c__Dothideomycetes_8	0	0	0	0	0	0	0	0	0.000909090909090909	0	0	0	0	0	0	0	0	0	0	0	0	0	0	0	0	0	0	0	0
g__Coprinellus	0	0	0	0	0	0.00145454545454545	0	0	0	0	0	0	0	0	0	0	0	0	0	0	0	0	0	0	0	0	0	0	0
g__Psathyrella	0	0	0	0	0	0	0	0	0	0	0	0	0	0	0	0	0	0.000363636363636364	0	0	0	0	0	0	0	0	0	0	0
f__Lophiostomataceae	0.000454545454545455	0	0	0	0	0	0	0	0	0	0	0	0	0	0	0	0	0	0	0	0	0	0	0	0	0	0	0	0
g__Malassezia_5	0.000363636363636364	0	0	0	0	0	0	0	0	0	0	0	0	0	0	0	0	0	0	0	0	0	0	0	0	0	0	0	0
g__Papiliotrema_10	0	0	0	0	0	0	0	0	0.00127272727272727	0	0	0	0	0	0	0	0	0	0	0	0	0	0	0	0	0	0	0	0
f__Phaeomoniellaceae_1	0	0	0	0	0	0	0	0	0	0	0	0	0	0	0	0	0	0	0	0	0	0	0	0	0	0	0.000272727272727273	0	0
g__Wallemia_2	0	0	0.00263636363636364	0	0.000545454545454545	0	0	0	0	0	0	0	0	0	0	0	0	0	0	0	0	0	0	0	0	0	0	0	0
p__Ascomycota_18	0	0.00236363636363636	0.00490909090909091	0	0	0	0	0	0	0	0	0	0	0	0	0	0	0	0.000363636363636364	0	0	0	0	0	0	0	0	0	0
o__Tremellales_7	0	0	0	0	0.000545454545454545	0.00172727272727273	0	0	0	0	0	0	0	0	0	0	0	0	0	0	0	0	0	0	0	0	0	0	0
g__Clathrus	0	0	0	0	0	0	0	0	0	0	0.000181818181818182	0	0	0	0	0	0	0	0	0	0	0	0	0	0	0	0	0	0
g__Alternaria_21	0.0160909090909091	0.000636363636363636	0	0	0	0	0	0	0	0	0	0	0.000636363636363636	0	0.000272727272727273	0	0	0	0	0.000272727272727273	0	0	0	0	0	0	0	0	0
g__Cladosporium_3	0.439909090909091	0.420272727272727	0.477636363636364	0.374818181818182	0.0915454545454545	0.352454545454545	0.662090909090909	0.411	0.183636363636364	0.170727272727273	0.161818181818182	0.130636363636364	0.0710909090909091	0.216636363636364	0.225	0.627545454545455	0.365545454545455	0.148636363636364	0.699090909090909	0.105181818181818	0.365909090909091	0.503818181818182	0.150636363636364	0.404	0.161818181818182	0.00272727272727273	0.158545454545455	0.0391818181818182	0.0460909090909091
k__Fungi_17	0	0	0	0.00109090909090909	0	0	0	0	0	0	0	0	0	0	0	0	0	0	0	0	0	0	0	0	0	0	0	0	0
f__Sirobasidiaceae	0	0	0	0	0	0	0	0	0	0	0	0	0.000454545454545455	0	0	0	0	0	0	0	0	0	0	0	0	0	0	0	0
g__Buckleyzyma_18	0	0	0	0	0	0	0	0	0.000818181818181818	0	0	0	0	0	0	0	0.00218181818181818	0	0	0	0	0	0	0	0	0	0	0	0
g__Coprinellus_1	0	0	0	0	0	0	0	0	0	0	0	0	0	0	0	0	0	0.000272727272727273	0	0	0	0	0	0	0	0	0	0	0
p__Ascomycota_19	0	0	0	0	0	0	0	0	0.000818181818181818	0	0	0	0	0	0	0	0	0	0	0	0	0	0.000727272727272727	0	0	0	0	0	0
g__Lachancea_1	0.000181818181818182	0	0	0	0	0	0	0	0	0	0	0	0	0	0	0	0	0	0	0	0	0	0	0	0	0	0	0	0
g__Trichoderma_1	0	0.000272727272727273	0	0	0	0	0.008	0.0448181818181818	0.0130909090909091	0.0465454545454545	0.124909090909091	0.193909090909091	0	9.09090909090909e-05	0	0	0	9.09090909090909e-05	0	0	0	0	0	0	0	0	0	0	0
p__Ascomycota_20	0	0.00527272727272727	0	0	0	0	0	0	0	0	0	0	0	0	0	0	0	0	0	0	0	0	0	0	0	0	0	0	0
c__Agaricomycetes_1	0	0	0	9.09090909090909e-05	0	0	0	0	0	0	0	0	0	0	0	0	0	0	0	0	0	0	0	0	0	0	0	0	0
g__Ramularia_9	0	0	0	0	0	0	0	0	0	0	0	0	0	0	0	0	0	0	0	9.09090909090909e-05	0	0	0	0	0	0	0	0	0
o__Pleosporales_27	0	9.09090909090909e-05	0	0	0	0	0	0	0	0	0	0	0	0	0	0	0	0	0	0	0	0	0	0	0	0	0	0	0
f__Pleosporaceae_12	0	0	0	0	0	0	0	0	0	0	0	0	0	0	0	0	0	0	0	0	0	0	0.00481818181818182	0	0	0	0	0	0
g__Meyerozyma	0	0	0	0	0	0	0	0	0	0	0	0	0	9.09090909090909e-05	0	0	0	0	0	0	0	0	0	0	0	0.000181818181818182	9.09090909090909e-05	0	0
g__Symmetrospora_5	0	0	0	0	0	0	0	0	0	0	0	0	0	0	0	0	0	0	0	0	0	0	0	0	0	9.09090909090909e-05	0	0	0
g__Diaporthe_3	0	0	0	0	0.000363636363636364	0	0	0	0	0	0	0	0	0	0	0	0	0	0	0	0	0	0	0	0	0	0	0	0
o__Pleosporales_28	0	0	0	0	0	0	0	0	0	0	0	0	0	0	0	0	0	0	0	0	0	0	0	0	0.00727272727272727	0	0	0	0
o__Xylariales_5	0	0	0	0	0	0.000181818181818182	0	0	0	0	0	0	0	0	0	0	0	0	0	0	0	0	0	0	0	0	0	0	0
g__Papiliotrema_11	0	0	0	0	0	0	0	0	0	0	0	0	0	0	0	0	0	0	0	0.00663636363636364	0	0	0	0	0	0	0	0	0
o__Pleosporales_30	0	0	0	0	0	0	0	0	0	0	0	0	0	0	0	0	0	0	0	0	0	0	0	0	0.00918181818181818	0	0	0	0
g__Kondoa_11	0	0	0	0	0	0	0	0	0	0	0	0	0	0	0	0	0	0	0	0.000818181818181818	0	0	0	0	0	0	0	0	0
c__Eurotiomycetes	9.09090909090909e-05	0	0	0	0	0	0	0	0	0	0	0	0	0	0	0	0	0	0	0	0	0	0	0	0	0	0	0	0
g__Paraconiothyrium	0	0	0.000636363636363636	0	0	0	0	0	0	0	0	0	0	0	0	0	0	0	0	0	0	0	0	0	0	0	0	0	0
k__Fungi_18	0	0	0	0	0	0	0.000454545454545455	0	0	0.000363636363636364	0.000181818181818182	0	0.000272727272727273	0	0	0	0	0	0	0	0	0	0	0	0	0	0	0	0
k__Fungi_19	0	0	0	0	0	0	0	0	0	0	0	0	0	0	0	0	0.00154545454545455	0	0	0	0	0	0	0	0	0	0	0	0
o__Cystobasidiomycetes_ord_Incertae_sedis_2	0	0	0	0	0	0	0	0	0	0	0	0	0.000636363636363636	0	0	0	0	0	0	0	0	0	0	0	0	0	0	0	0
f__Teratosphaeriaceae	0	0	0	0	0.000181818181818182	0	0	0	9.09090909090909e-05	0	0	0	0	0	0	0	0	0	0	0	0	0	0	0	0	0	0	0	0
c__Cystobasidiomycetes_11	0	0	0	0	0.001	0	0	0	0	0	0	0	0	0	0	0	0	0	0	0	0	0	0	0	0	0	0	0	0
f__Malasseziaceae_7	0	0	0	0	0	0	0	0	0	0	0	0	0	0	0	0	0	0	0	0	0	0	0	0.000272727272727273	0	0	0	0	0
g__Vishniacozyma_9	0	0	0	0	0	0	0	0	0	0	0	0	0	0	0	0.002	0	0	0	0	0	0	0	0	0	0	0	0	0
g__Alternaria_24	0	0.00790909090909091	0	0	0	0	0.00254545454545455	0.00454545454545455	0	0	0.013	0	0	0	0.00254545454545455	0.00390909090909091	0.00681818181818182	0.013	0	0	0.0146363636363636	0	0	0.00590909090909091	0	0.026	0	0.0250909090909091	0.0242727272727273
g__Vishniacozyma_10	0	0	0	0	0	0	0	0	0.000272727272727273	0	0	0	0	0	0	0	0	0	0	0	0	0	0	0	0	0	0	0	0
f__Lophiostomataceae_1	0	0	0	0	0	0	0	0	0	0	0	0	9.09090909090909e-05	0	0	0	0	0	0	0	0	0	0	0	0	0	0	0	0
g__Buckleyzyma_19	0	0	0	0	0.000545454545454545	0	0	0	0	0	0	0	0	0	0	0	0	0	0	0	0	0	0	0	0	0	0	0	0
g__Teratosphaeria	0	0	0	0	0	0	0	0	0	0	0	0	0.000272727272727273	0	0	0	0	0	0	0	0	0	0	0	0	0	0	0	0
o__Pleosporales_31	0	0	0	0	0	0	0	0	0	0	0	0	0	0	0	0	0	0	0	0	0	0	0	0	0.00318181818181818	0	0	0	0
g__Sporobolomyces_12	0	0	0	0	0.000181818181818182	0	0	0	0	0	0	0	0	0	0	0	0.000272727272727273	9.09090909090909e-05	0	0	0	0	0	0	0	0	0	0	0
g__Kondoa_12	0.000909090909090909	0	0.00518181818181818	0	0	0	0.000272727272727273	0	0	0	0	0	0	0	0	9.09090909090909e-05	9.09090909090909e-05	0	0	0	0	0	0	0	0	0	0	0	0
s__Blumeria_graminis	0	0	0	0	0	0	0	0	0	0	0	0	0	0	0	0	0	0	0	0.00154545454545455	0	0	0	0	0	0	0	0	0
c__Cystobasidiomycetes_13	0.000818181818181818	0	0	0	0	0	0	0.000909090909090909	0	0	0	0	0	0	0	0	0	0.000272727272727273	0	0	0	0	0	0	0	0	0	0	0
p__Ascomycota_23	0	0	0	0.00709090909090909	0	0	0	0	0	0	0	0	0	0	0	0	0	0	0	0	0	0	0	0	0	0	0	0	0
g__Teratosphaeria_1	0	0	0	9.09090909090909e-05	0	0	0	0	0	0	0	0	0	0	0	0	0	0	0	0	0	0	0	0	0	0	0	0	0
s__Candida_cretensis_22	0	0	0	0	0	0	0	0	0.00136363636363636	0.000818181818181818	0.000818181818181818	0.004	0.000272727272727273	0.00718181818181818	0.000909090909090909	0.00172727272727273	0	0	0	0	0	0	0	0	0	0	0	0	0
g__Alternaria_25	0.0188181818181818	0.0194545454545455	0.0100909090909091	0.00354545454545455	0.000818181818181818	0.009	0.00190909090909091	0.00109090909090909	0.000454545454545455	0.00681818181818182	0	0.00190909090909091	0.00136363636363636	0.000909090909090909	0.00109090909090909	0.0152727272727273	0	0.0167272727272727	0.161909090909091	0.00727272727272727	0	0	0	0	0	0.000181818181818182	0	0	0
g__Cystofilobasidium_7	0	0	0.00327272727272727	0	0	0	0	0	0	0	0	0	0	0	0	0	0	0	0	0	0	0	0	0	0	0	0	0	0
g__Teloschistes	0	0	0	0	0	0	0	0	0	0	0	0	0	0	0.000181818181818182	0	0	0	0	0	0	0	0	0	0	0	0	0	0
s__Malassezia_globosa_12	0	0	0	0	0	0	0	0	0	0	0	0	0	0	0	0	0.000181818181818182	0	0	0	0	0	0	0	0	0	0	0	0
g__Simplicillium	0	0	0	0	0	0	0	0.000181818181818182	0	0	0	0	0	0	0	0	0	0	0	0	0	0	0	0	0	0	0	0	0
f__Plectosphaerellaceae	0	0	0	0	0	0	0	0	0	0	0	0	0	0	0	0	0	0	0	0	0	0	9.09090909090909e-05	0	0	0	0	0	0
g__Neosetophoma_6	0	0	0.002	0	0	0	0	0	0	0	0	0	0	0	0	0	0	0	0	0	0	0	0	0	0	0	0	0	0
s__Dioszegia_fristingensis_3	0	0	0	0	0	0	0	0	0	0	0	0	0.000363636363636364	0	0	0	0	0	0	0	0	0	0	0	0	0	0	0	0
p__Ascomycota_24	0	0	0	0	0	0	0	0.000909090909090909	0	0	0	0	0	0	0	0.00118181818181818	0	0	0	0	0	0	0	0	0.000909090909090909	0	0	0	0
g__Epicoccum_2	0.00536363636363636	0	0.003	0.00536363636363636	0	0.00190909090909091	0.000454545454545455	0.00427272727272727	0.00136363636363636	0	0	0	0.00190909090909091	0	0	0	0	9.09090909090909e-05	0.000545454545454545	0	0	0.00127272727272727	0	0	0	0.000181818181818182	0.000545454545454545	0	0
g__Colletotrichum	0	0	0	0.000272727272727273	0	0	0	0	0	0	0	0	0	0	0	0	0	0	0	0	0	0	0	0	0	0	0	0	0
o__Tremellales_11	0	0	0	0	0	0	0	0.00136363636363636	0	0	0	0	0	0	0	0	0	0	0	0	0	0	0	0	0	0	0	0	0
s__Malassezia_globosa_13	0.000818181818181818	0	0	0	0	0.000181818181818182	0	0	0	0	0	0	0	0	0.000181818181818182	0	0	0	0	0	0	0	0.000272727272727273	0	0	0	0	0	0
f__Pleosporaceae_13	0	0	0	0	0	0	0	0	0	0	0	0	0	0	0	0	0	0	0	0	0	0	0.005	0	0	0	0	0	0
g__Stemphylium_6	0	0	0	0	0	0	0	0	0	0	0	0	0	0	0	0	0.005	0	0	0	0	0	0	0	0	0	0.024	0	0
p__Ascomycota_25	0.000272727272727273	0	0.00163636363636364	0.0184545454545455	0	0	0	0.000363636363636364	0.00118181818181818	9.09090909090909e-05	0	0	0	0	0	0	0	0	0	0	0	0.00109090909090909	0	0	0	0	0.004	0	0
o__Pleosporales_32	0	0	0	0	0	0	0	0	0	0	0	0	0	0	0	0	0	0	0	0	0	0	0	0	0.00254545454545455	0	0	0	0
f__Diatrypaceae_1	0	0	0	0	0	0	0	0	0	0	0	0	0	0.00118181818181818	0	0	0	0	0	0	0	0	0	0	0	0	0	0	0
g__Alternaria_29	0.0303636363636364	0.216363636363636	0.0500909090909091	0.0358181818181818	0.0207272727272727	0.0555454545454545	0.103363636363636	0.134	0	0.0913636363636364	0.466545454545455	0.0592727272727273	0.0858181818181818	0.0383636363636364	0.0650909090909091	0.118454545454545	0.171363636363636	0.398818181818182	0.00890909090909091	0.00345454545454545	0.520272727272727	0.0236363636363636	0.0259090909090909	0.185727272727273	0.00645454545454545	0.959363636363636	0.0277272727272727	0.912727272727273	0.896909090909091
f__Filobasidiaceae_1	0	0	0	0	0	0.00109090909090909	0	0	0	0	0	0	0	0	0	0	0	0	0	0	0	0	0	0	0	0	0	0	0
o__Tremellales_12	0.00218181818181818	0.00236363636363636	0	0.0122727272727273	0.00427272727272727	0.00190909090909091	0	0.00990909090909091	0.00372727272727273	0.000545454545454545	0	0.00327272727272727	0	0	0.00281818181818182	0.00881818181818182	0.00209090909090909	0.00627272727272727	0.00163636363636364	0	0	0	0	0	0	0	0.00445454545454545	0	0
f__Pleosporaceae_14	0	0	0	0.000909090909090909	0	0	0	0	0	0	0	0	0	0	0	0	0	0	0	0	0	0	0	0	0	0	0	0	0
g__Stemphylium_7	0	0	0	0	0	0	0.000545454545454545	0.000363636363636364	0	0	0	0	0	0	0	0	0	0	0	0	0	0	0	0	0	0	0	0	0
g__Epicoccum_3	0	0	0	0	0	0	0	0	0.0118181818181818	0	0	0	0	0	0	0	0	0	0	0	0	0	0	0	0	0	0	0	0
p__Ascomycota_26	0.00290909090909091	0.000272727272727273	0	0	0	0	0	0	0	0	0	0	0	0	0	0	0	0	0	0	0	0.000818181818181818	0	0	0	0	0	0	0
f__Pleosporaceae_15	0	0	0	0	0	0	0	0	0	0	0	0	0	0.000818181818181818	0	0	0	0	0	0	0	0	0	0	0	0	0	0	0
g__Cladosporium_5	0.0101818181818182	0.0131818181818182	0.0157272727272727	0.0113636363636364	0	0.0126363636363636	0.0197272727272727	0.0106363636363636	0	0.00445454545454545	0	0	0	0.00745454545454545	0.00563636363636364	0.0172727272727273	0.00954545454545455	0.00454545454545455	0.0209090909090909	0	0.00863636363636364	0.0139090909090909	0.004	0.013	0	0	0.00536363636363636	0	0
g__Podosphaera_2	0	0	0	0.000545454545454545	0	0	0	0	0	0	0	0	0	0	0	0	0	0	0	0	0	0	0	0	0	0	0	0	0
f__Filobasidiaceae_3	0	0	0	0	0	0	0	0	0	0	0.000363636363636364	0	0	0	0	0	0	0	0	0	0	0	0	0	0	0	0	0	0
s__Merismodes_granulosa_8	0	0	0	0	0	0	0	0	0	0.00290909090909091	0	0	0	0	0	0	0	0	0	0	0	0.00654545454545455	0	0	0	0	0	0	0
g__Ramularia_11	0	0	0.00154545454545455	0.00181818181818182	0	0	0	0	0	0.000727272727272727	9.09090909090909e-05	0	0	0	0	0	0	0	0	0	9.09090909090909e-05	0	0.000181818181818182	0	0.0135454545454545	0	0	0	0
f__Aureobasidiaceae_2	0	0	0	0	0	0	0	0	0	0	0	0	0	0	0	0	0	0	0	0	0	0	0	0.00136363636363636	0	0	0	0	0
f__Filobasidiaceae_4	0	0	0	0	0.000363636363636364	0	0	0	0	0	0	0	0	0	0	0	0	0	0	0	0	0	0	0	0	0	0	0	0
s__Vishniacozyma_dimennae_8	0	0	0	0	0.000363636363636364	0	0	0	0	0	0	0	0	0	0	0	0	0	0	0	0	0	0	0	0	0	0	0	0
g__Stemphylium_8	0	0	0	0	0.0114545454545455	0	0	0	0	0.00654545454545455	0	0	0	0.0138181818181818	0.019	0	0.00745454545454545	0	0	0	0	0	0	0	0	0	0.0168181818181818	0	0
k__unidentified_8	0	0	0	0.000181818181818182	0	0	0	0	0	0	0	0	0	0	0	0	0	0	0	0	0	0	0	0	0	0	0	0	0
p__Ascomycota_29	0	0	0	0	0	0.00154545454545455	0	0	0	0	0	0	0	0	0	0	0	0	0	0	0	0	0	0	0	0	0	0	0
s__Vishniacozyma_dimennae_9	0	0.000636363636363636	0.000545454545454545	0.00154545454545455	0.000363636363636364	0.000818181818181818	0	0	0	0	0	0	0	0	0	0	0	0	0	0	0	0	0	0.000363636363636364	0	0	0.001	0	0
s__Blumeria_graminis_1	0	0.00109090909090909	0	9.09090909090909e-05	0	0	0	0	0.000181818181818182	0	0	0	0	0.000727272727272727	0	0	0	0	0	0	0	0	0	0	0	0	0.00172727272727273	0	0
g__Microdochium	0	9.09090909090909e-05	0	0	0	0	0	0	0	0	0	0	0	0	0	0	0	0	0	0	0	0	0	0	0	0	0	0	0
o__Agaricostilbales	0	0	0	0	0	0	0	0.000272727272727273	0	0	0	0	0	0	0	0	0	0	0	0	0	0	0	0	0	0	0	0	0
f__Lophiostomataceae_2	0	0	0	0	0	0	0	0	0	0.000363636363636364	0	0	0	0	0	0	0	0	0	0	0	0	0	0	0	0	0	0	0
c__Cystobasidiomycetes_14	0	0	0	0	0	0	0	0	0	0	0	0	0	0	0	0	0.000272727272727273	0	0	0	0	0	0	0	0	0	0	0	0
k__unidentified_9	0	0	0	0	0	0	0	0	0	0	0	0	0	0	0	0	0	0	0	0	0	0	0	0	0	0	0.00136363636363636	0	0
f__Phaeosphaeriaceae_9	0	0	0	0	0	0	0.001	0	0	0	0	0	0	0.000636363636363636	0	0	0	0	0	0	0	0	0	0	0	0	0	0	0
f__Lophiostomataceae_3	0	0	0	0	0	0	0	0	0	0.000272727272727273	0	0	0	0	0	0	0	0	0	0	0	0	0	0	0	0	0	0	0
o__Tremellales_14	0	0	0	0	0	0	0	0	0	0	0	0	0	0	0	0	0	0.000181818181818182	0	0	0	0	0	0	0	0	0	0	0
g__Neofusicoccum_3	0	0	0.000454545454545455	0	0	0	0	0	0	0	0	0	0	0	0	0	0	0	0.00327272727272727	0.0374545454545455	0	9.09090909090909e-05	0	0	0	0	0.00890909090909091	0	0
o__Pleosporales_35	0	0	0	0	0	0.000363636363636364	0	0	0	0	0	0	0	0.000363636363636364	0	0	9.09090909090909e-05	0	0	0	0	0	0	0	0	0	0	0	0
g__Buckleyzyma_20	0	0.000545454545454545	0	0	0	0	0	0	0	0	0	0	0	0	0	0	0	0	0	0	0	0	0	0	0	0	0	0	0
o__Agaricostilbales_1	0	0	0	0.00172727272727273	0	0	0	0	0	0	0	0	0	0	0	0	0	0	0	0	0	0	0	0	0	0	0	0	0
o__Hypocreales_7	0	0	0	0	0	0	0	0	0	0	0	0.0126363636363636	0	0	0	0	0	0	0	0	0	0	0	0.00772727272727273	0	0	0	0	0
o__Tremellales_15	0	0	0.00109090909090909	0	0.000727272727272727	0	0	0.000818181818181818	0	0	0	0	0	0	0	0	0	0	0	0	0	0	0	0	0	0	0	0.000363636363636364	0
f__Filobasidiaceae_5	0	0	0	0.000727272727272727	0	0.000909090909090909	0	0	0	0	0	0	0	0	0	0	0	0	0	0	0	0	0	0	0	0	0	0	0
s__Phoma_glomerata_2	0	0	0	0	0	0	0	0	0	0	0.00872727272727273	0	0	0	0.000363636363636364	0	0	0	0	0	0	0	0	0	0	0	0	0	0
f__Filobasidiaceae_6	0	0	0	0	0.000545454545454545	0	0	0	0	0	0	0	0	0	0	0	0	0	0	0	0	0	0	0	0	0	0	0	0
g__Symmetrospora_7	0.0105454545454545	0.00272727272727273	0.0207272727272727	0.0192727272727273	0.00936363636363636	0.012	0.00263636363636364	0.004	0.00236363636363636	0.00227272727272727	0.000909090909090909	0.00927272727272727	0.000727272727272727	0.00181818181818182	0.000545454545454545	0.00563636363636364	0.00154545454545455	0.00490909090909091	0.000454545454545455	0.00136363636363636	0	0.00272727272727273	0.00136363636363636	0.00336363636363636	0.00318181818181818	0	0.014	0.000818181818181818	0.000454545454545455
k__Fungi_23	0	0	0	0.000454545454545455	0	0	0	0	0	0	0	0	0	0	0	0	0	0	0	0	0	0	0	0	0	0	0	0	0
g__Filobasidium_6	0	0	0	0	0.002	0.00372727272727273	0	0	0	0	0	0	0	0	0	0	0.000818181818181818	0.00209090909090909	9.09090909090909e-05	0	0	0	0	0.000181818181818182	0	0	0	0	0.000181818181818182
f__Phaeosphaeriaceae_10	0	0	0	0	0	0	0	0.000363636363636364	0	0	0	0	0	0	0	0	0	0	0	0	0	0	0	0	0	0	0	0	0
f__Didymellaceae_9	0	0	0	0.000636363636363636	0	0	0	0	0	0	0	0	0	0	0	0	0	0	0	0	0	0	0	0	0	0	0	0	0
g__Acremonium_7	0	0	0	0	0	0	0	0	0	0	0	0	0	0	0	0	0	0	0	0	0	0	0	0.00127272727272727	0	0	0	0	0
k__Fungi_24	0	0	0	0.000181818181818182	0	0	0	0	0	0	0	0	0	0	0	0	0	0	0	0	9.09090909090909e-05	0	0	0	0	0	0.000818181818181818	0	0
k__Fungi_25	0	0	0	0	0	0	0	0	0	0	0	0	0	0	0	0	0	9.09090909090909e-05	0	0	0	0	0	0	0	0	0	0	0
g__Nigrospora	0	0	0.000545454545454545	0	0	0	0	0	0	0	0	0	0	0	0	0	0	0	0	0	0	0	0	0	0	0	0	0	0
g__Papiliotrema_14	0	0.001	0	0.00945454545454546	0	0	0	0	0	0	0	0	0	0	0	0	0	0	0	0	0	0	0	0	0	0	0	0	0
f__Kondoaceae_3	0	9.09090909090909e-05	0.00136363636363636	0	0.00172727272727273	0	0	0.000636363636363636	0.000545454545454545	0.000181818181818182	0	0	0	0	0.000272727272727273	0	0.000727272727272727	0.000727272727272727	0	0	0	0	0	0	0	0	0	0	0
g__Debaryomyces_4	0	0	0	0.00372727272727273	0	0	0	0.00236363636363636	0	0	0	0	0	0	0	0	0	0	0	0	0	0	0	0	0	0	0	0	0
g__Anthracocystis	0	0	0	0	0	0	0	0	0	0.000363636363636364	0	0	0	0	0	0	0	0	0	0	0	0	0	0	0	0	0	0	0
f__Diatrypaceae_3	0	0	0	0	0	0	0	0	0	0	0	0	0	0.00354545454545455	0	0	0	0	0	0	0	0	0	0	0	0	0	0	0
o__Eurotiales_1	0	0	0	0	0	0	0	0	0	0	0	0.000272727272727273	0	0	0	0	0	0	0	0	0	0	0	0	0	0	0	0	0
o__Capnodiales_8	0	0	0.00172727272727273	0	0	0	0	0	0	0	0	0	0	0	0	0	0	0	0	0	0	0	0	0	0	0	0	0	0
k__unidentified_10	0	0	0	0	0	0	0	0	0	0	0	0	0	0	0.000636363636363636	0	0	0	0	0	0	0	0	0	0	0	0	0	0
g__Naganishia_1	0	0	0	0	0	0	0.000272727272727273	0	0	0	0	0	0	0	0	0	0	0	0	0	0	0	0	0	0	0	0	0	0
g__Papiliotrema_16	0	0.00363636363636364	0.00390909090909091	0.00890909090909091	0.000818181818181818	0.00154545454545455	0	0.00218181818181818	0	0	0	0	0	0	0	0	0.000545454545454545	0	0	0.000363636363636364	0	0	0	0.000909090909090909	0	0	0.0305454545454545	0	0
g__Vishniacozyma_15	0	0	0	0	0	0	0	0	0	0	0	0	0	0	0	0	0	0	0	0	0	0	0	0	0.000909090909090909	0	0	0	0
s__Merismodes_granulosa_9	0	0	0	0.000909090909090909	0	0	0	0	0	0	0	0	0	0	0	0	0	0	0	0	0	0	0	0	0	0	0	0	0
o__Capnodiales_9	0.000363636363636364	0.00118181818181818	0	0.000363636363636364	0	0	0	0	0	0	0	0	0	0.000363636363636364	0	0	0	0	0	0	0	0	0	0	0	0	0	0.000818181818181818	0
g__Aureobasidium_1	0.138454545454545	0.0891818181818182	0.0724545454545455	0.0683636363636364	0.0377272727272727	0.132454545454545	0.0399090909090909	0.0883636363636364	0.0359090909090909	0.0569090909090909	0.0426363636363636	0.0345454545454545	0.742090909090909	0.113	0.0421818181818182	0.0562727272727273	0.0928181818181818	0.220818181818182	0.0279090909090909	0.685181818181818	0.00563636363636364	0.0519090909090909	0.0106363636363636	0.0218181818181818	0.356090909090909	0.00154545454545455	0.0208181818181818	0.00227272727272727	0.00327272727272727
g__Rhodotorula_1	0.00127272727272727	0	0.000363636363636364	0.00618181818181818	0.00118181818181818	0.00272727272727273	0	0.000363636363636364	0	0	0.000363636363636364	0	0	0	0	0	0	0	9.09090909090909e-05	0	0	0	0.000272727272727273	0.00118181818181818	0	0	0.000272727272727273	0	0
f__Cystobasidiaceae	0	0	0	0	0	0.000363636363636364	0	0	0	0	0	0	0	0	0	0	0	0	0	0	0	0	0	0	0	0	0	0	0
g__Genolevuria	0	0.000272727272727273	0	0	0	0	0	0	0	0	0	0	0	0	0	0	0	0	0	0	0	0	0	0	0	0	0	0	0
g__Podosphaera_3	0	0	9.09090909090909e-05	0	0	0	0	0	0	0	0	0	0.000636363636363636	0	0	0	0	0	0	0	0	0	0	0	0	0	0	0	0
g__Alternaria_35	0.000363636363636364	0.001	0.000454545454545455	0	0	0.000818181818181818	0	0	0	0	0	0	0	0	0	0.00172727272727273	0	0.00418181818181818	0	0	0.00409090909090909	0	0.002	0.000181818181818182	0	0	0	0	0.000727272727272727
s__Malassezia_globosa_14	0	0	0	0	0	0	0	0.000272727272727273	0	0	0	0	0	0	0	0	0	0	0	0	0	0	0	0	0	0	0	0	0
o__Capnodiales_10	0	0	0	0	0	0	0	0.000636363636363636	0	0	0	0	0	0.000272727272727273	0	0	0	0	0	0	0	0	0	0	0	0	0	0	0
g__Vishniacozyma_16	0	0	0	0	0	0.00136363636363636	0	0	0	0	0	0	0	0	0	0	0	0	0.00190909090909091	0	9.09090909090909e-05	0	0	0	0.012	0	0.01	0	0
p__Ascomycota_31	0	0	0	0	0	0	0	0	0	0	0	0	0.000272727272727273	0	0	0	0	0	0	0	0	0	0	0	0	0	0	0	0
f__Pleosporaceae_18	0	0	0	0	0	0	0	0	0	0	0	0	0	0	0	0	0	0	0.00372727272727273	0	0	0	0	0	0	0	0	0	0
s__Malassezia_globosa_16	0	0.000363636363636364	0	0	0.000363636363636364	0	0	0	0	0	0	0	0	0	0	0	0	0	0	0	0	0	0	0	0	0	0	0	0
g__Peniophora_2	0	0	0	0	0	0	0.000454545454545455	0	0	0	0	0	0	0	0	0	0	0	0	0	0	0	0	0	0	0	0	0	0
g__Sporobolomyces_14	0	0	0	0	0	0	0	0	0	0	0	0	0	0	0	0	0	0	0	0	9.09090909090909e-05	0	0	0.00127272727272727	0.000636363636363636	0	0	0	0
g__Punctelia	0	0	0	0	0	0	0	0	0	0	0	0	0	0.000181818181818182	0	0	0	0	0	0	0	0	0	0	0	0	0	0	0
f__Teratosphaeriaceae_1	0	0	0	0	0	0	0	0	0	0	0	0	0.000363636363636364	0	0	0	0	0	0	0	0	0	0	0	0	0	0	0	0
s__Malassezia_globosa_17	0	0	0.000545454545454545	0	0	0	0	0	0	0	0	0	0	0	0	0	0	0	0	0	0	0	0	0	0	0	0	0	0
g__Pseudomicrostroma_3	0	0	0	0	0	0	0	9.09090909090909e-05	0.000454545454545455	0	0	0	0	0	0	0	0	0	0	0	0	0	0	0	0.000363636363636364	0	0	0	0
g__Fusarium_4	0	0	0	0	0	0	0	0	0	0	0	0	0	0	0	0	0	0	0.000818181818181818	0	0	0	0	0	0	0	0	0	0
g__Cystobasidium_6	0	0	0	0	0	0	0	0	0	0	0	0	0	0	0	0	0	0	0	0.00236363636363636	0	0	0	0	0	0	0	0	0
g__Erysiphe_2	0	0	0	0	0	0	0	0	0	0	0	0	0	0	0	0	0	0	0	0.00136363636363636	0	0	0	0	0	0	0	0	0
f__Stictidaceae	0	0	0	0	0	0	0	0	0	0	0	0	0	0	0	0	0	0	0	0	0	0	0	0	0	0	0.00145454545454545	0	0
g__Vishniacozyma_18	0.00627272727272727	0.00445454545454545	0.00490909090909091	0.00563636363636364	0.00290909090909091	0	0.000272727272727273	0.00554545454545455	0.00127272727272727	0.000545454545454545	0.000363636363636364	0.00218181818181818	0	0.000727272727272727	9.09090909090909e-05	0	0.000363636363636364	0.000545454545454545	0	0.0195454545454545	0	0.00109090909090909	0.000636363636363636	0.000454545454545455	0	0	0.0112727272727273	0	9.09090909090909e-05
k__unidentified_11	0	0.000545454545454545	0.00245454545454545	0	0	0	9.09090909090909e-05	0	0	0	9.09090909090909e-05	0	0	0	0	0	0.000181818181818182	0	0	0	0	0	0	0	0	0	0	0	0
s__Fusarium_sarcochroum	0	0	0.000181818181818182	0	0	0	0	0	0	0	0	0	0	0	0	0	0	0	0	0	0	0	0	0	0	0	0	0	0
o__Hypocreales_10	0	0	0	0	0	0	0	0	0	0	0	0	0	0.000272727272727273	0	0	0	0	0	0	0	0	0	0	0	0	0	0	0
f__Kondoaceae_4	0.000545454545454545	0	0	0	0	0	0	0	0	0	0	0	0	0	0	0	0	0	0	0	0	0	0	0	0	0	0	0	0
s__Merismodes_granulosa_10	0	0	0	0	0	0	0	0	0.00663636363636364	0	0	0	0	0	0	0	0	0	0	0	0	0	0	0	0	0	0	0	0
g__Buckleyzyma_21	0	0	0	0.008	0	0	0	0	0	0	0	0	0	0	0	0	0	0	0	0	0	0	0	0	0	0	0	0	0
g__Stemphylium_9	0	0.0231818181818182	0	0.004	0	0	0.00209090909090909	0.0109090909090909	0.0154545454545455	0.0122727272727273	0.0358181818181818	0.00581818181818182	0	0	0	0	0.0131818181818182	0.00272727272727273	0	0	0	0	0	0	0	0	0	0	0
f__Lophiotremataceae_1	0	0	0	0	0	0	0	0	0	0	0	0	0	0	0	0	0	0	0	0	0	0	0	0	9.09090909090909e-05	0	0	0	0
k__Fungi_29	0	0	0	0	0	0	0	0	0	0	0	0.000181818181818182	0	0	0	0	0	0	0	0	0	0	0	0	0	0	0	0	0
g__Kondoa_13	0	0	0	0	0	0	0	0	0	0	0	0	0	0	0	0	0	0	0	0	0	0	0	0	0	0	0.000454545454545455	0	0
g__Cryptococcus_2	0	0	0	0	0	0	0	0	0	0	0	0	0	0	0	0	0	0	0	0	0	0	0.000818181818181818	0	0	0	0	0	0
g__Papiliotrema_17	0	0	0	0.002	0	0	0	0	0	0	0	0	0	0	0	0	0	0	0	0	0	0	0	0	0	0	0	0	0
g__Kondoa_14	0	0	0	0	0	0	0	0	0	0	0	0	0	0	0	0	0	0	0	0	0	0	0	0.000272727272727273	0	0	0	0	0
p__Ascomycota_32	0	0	0	0.00145454545454545	0	0	0.00145454545454545	0.00154545454545455	0	0	0	0	0	0	0	0	0.000818181818181818	0	0	0	0	0	0	0	0	0	0	0	0
g__Stemphylium_10	0.00181818181818182	0.00218181818181818	0.00145454545454545	0	0	0	0	0	0	0	0	0	0	0	0	0	0	0	0	0	0	0	0	0	0	0	0	0	0
g__Dioszegia_7	0	0	0.000363636363636364	0	0	0	0	0	0.000454545454545455	0	0	0	0	0	0	0	0	0	0	0	0	0	0	0	0	0	0	0	0
o__Cystobasidiomycetes_ord_Incertae_sedis_3	0	0	0.00909090909090909	0	0.000454545454545455	0	0	0	0	0	0	0	0	0	0	0	0	0	0	0	0	0	0	0	0	0	0	0	0
